{"cameraMode":{"drawMode":0,"name":"Shaded","section":"Shading Mode"},"sceneLighting":true,"audioPlay":false,"sceneViewState":{"showFog":false,"showMaterialUpdate":true,"showSkybox":true,"showFlares":true,"showImageEffects":false,"showParticleSystems":true},"in2DMode":false,"pivot":{"x":-0.23657801747322083,"y":1.0271258354187012,"z":-1.013704538345337},"rotation":{"x":-0.4792177379131317,"y":0.01367870531976223,"z":-0.007496058940887451,"w":-0.8775995969772339},"size":0.5597838163375855,"orthographic":false}