{"cameraMode":{"drawMode":0,"name":"Shaded","section":"Shading Mode"},"sceneLighting":true,"audioPlay":false,"sceneViewState":{"showFog":true,"showMaterialUpdate":false,"showSkybox":false,"showFlares":true,"showImageEffects":true,"showParticleSystems":true},"in2DMode":false,"pivot":{"x":7.234125137329102,"y":-8.178548812866211,"z":6.6255645751953129},"rotation":{"x":0.044850416481494907,"y":0.854284942150116,"z":-0.512442946434021,"w":0.07476973533630371},"size":12.996193885803223,"orthographic":false}