{"cameraMode":{"drawMode":0,"name":"Shaded","section":"Shading Mode"},"sceneLighting":true,"audioPlay":false,"sceneViewState":{"showFog":true,"showMaterialUpdate":false,"showSkybox":false,"showFlares":true,"showImageEffects":true,"showParticleSystems":true},"in2DMode":false,"pivot":{"x":5.422183990478516,"y":-4.090122222900391,"z":-4.834508895874023},"rotation":{"x":0.46204450726509097,"y":-0.006375389639288187,"z":0.0033229393884539606,"w":0.8868333101272583},"size":17.754772186279298,"orthographic":false}