{"cameraMode":{"drawMode":0,"name":"Shaded","section":"Shading Mode"},"sceneLighting":false,"audioPlay":false,"sceneViewState":{"showFog":true,"showMaterialUpdate":false,"showSkybox":false,"showFlares":true,"showImageEffects":true,"showParticleSystems":true},"in2DMode":false,"pivot":{"x":955.7962036132813,"y":541.5258178710938,"z":-7.4273681640625},"rotation":{"x":0.006310297176241875,"y":0.00031175080221146345,"z":0.000022237041775952093,"w":0.9999933242797852},"size":527.4046630859375,"orthographic":false}