{"cameraMode":{"drawMode":0,"name":"Shaded","section":"Shading Mode"},"sceneLighting":true,"audioPlay":false,"sceneViewState":{"showFog":true,"showMaterialUpdate":false,"showSkybox":true,"showFlares":true,"showImageEffects":true,"showParticleSystems":true},"in2DMode":false,"pivot":{"x":-6.746609687805176,"y":0.553556501865387,"z":1.7623836994171143},"rotation":{"x":0.18280775845050813,"y":-0.10009273886680603,"z":0.01872307062149048,"w":0.9778860211372376},"size":0.6306809186935425,"orthographic":false}