{"cameraMode":{"drawMode":0,"name":"Shaded","section":"Shading Mode"},"sceneLighting":true,"audioPlay":false,"sceneViewState":{"showFog":true,"showMaterialUpdate":false,"showSkybox":false,"showFlares":true,"showImageEffects":true,"showParticleSystems":true},"in2DMode":false,"pivot":{"x":14.586869239807129,"y":3.0736422538757326,"z":8.627791404724121},"rotation":{"x":0.4513586759567261,"y":-0.11822730302810669,"z":0.06047528237104416,"w":0.8824115991592407},"size":0.7540251612663269,"orthographic":false}