{"cameraMode":{"drawMode":0,"name":"Shaded","section":"Shading Mode"},"sceneLighting":true,"audioPlay":false,"sceneViewState":{"showFog":true,"showMaterialUpdate":false,"showSkybox":true,"showFlares":true,"showImageEffects":true,"showParticleSystems":true},"in2DMode":false,"pivot":{"x":1158.772216796875,"y":459.2829284667969,"z":-89.2330322265625},"rotation":{"x":0.030305970460176469,"y":0.0048110890202224258,"z":-0.00012068602518411353,"w":0.9995446801185608},"size":303.4340515136719,"orthographic":false}