{"cameraMode":{"drawMode":0,"name":"Shaded","section":"Shading Mode"},"sceneLighting":true,"audioPlay":false,"sceneViewState":{"showFog":true,"showMaterialUpdate":false,"showSkybox":true,"showFlares":true,"showImageEffects":true,"showParticleSystems":true},"in2DMode":false,"pivot":{"x":-4.87542724609375,"y":4.2030839920043949,"z":-8.064574241638184},"rotation":{"x":0.30562248826026919,"y":0.035401273518800738,"z":-0.011343558318912983,"w":0.9514369964599609},"size":8.82069206237793,"orthographic":false}