{"cameraMode":{"drawMode":0,"name":"Shaded","section":"Shading Mode"},"sceneLighting":true,"audioPlay":false,"sceneViewState":{"showFog":true,"showMaterialUpdate":false,"showSkybox":false,"showFlares":true,"showImageEffects":true,"showParticleSystems":true},"in2DMode":false,"pivot":{"x":-4.860000133514404,"y":0.5438451766967773,"z":2.119999885559082},"rotation":{"x":-0.10069067776203156,"y":0.8979781866073608,"z":-0.3275938928127289,"w":-0.2760060131549835},"size":1.894627332687378,"orthographic":false}