{"cameraMode":{"drawMode":0,"name":"Shaded","section":"Shading Mode"},"sceneLighting":false,"audioPlay":false,"sceneViewState":{"showFog":true,"showMaterialUpdate":false,"showSkybox":false,"showFlares":true,"showImageEffects":true,"showParticleSystems":true},"in2DMode":false,"pivot":{"x":-0.5235705375671387,"y":-2.9409658908843996,"z":-0.811492919921875},"rotation":{"x":0.20774315297603608,"y":0.32682979106903078,"z":-0.07387258857488632,"w":0.919013500213623},"size":11.155308723449707,"orthographic":false}